number,pIC50(pred),cid,name,smiles,rex,rUV,rorb,rIR,rfreq,IPv,C-S0,S0-C,EAv,A-S0,S0-A,STv,T1-S0,S0-T1,Esolv,mu,Vmol,MW,B1,B2,B3,1/dE1,1/dE2,1/dE3,1/dE4,1/dE5,1/dE6,1/dE7,1/dE8,1/dE9,1/dE10,1/dE11,1/dE12,1/dE13,1/dE14,1/dE15,1/dE16,1/dE17,1/dE18,1/dE19,1/dE20,1/dE21,1/dE22,1/dE23,1/dE24,1/dE25,1/dE26,1/dE27,1/dE28,1/dE29,1/dE30
kampo_0400,6.497610503,71448959,"2-[(1R,5R)-5-[2,4-Dihydroxy-3-(3-methylbut-2-enyl)benzoyl]-5-(2,4-dihydroxyphenyl)-3-methylcyclohex-2-en-1-yl]-1,3,5a,8-tetrahydroxy-10a-(3-methylbut-2-enyl)-[1]benzofuro[3,2-b]chromen-11-one",CC1=CC(CC(C1)(C2=C(C=C(C=C2)O)O)C(=O)C3=C(C(=C(C=C3)O)CC=C(C)C)O)C4=C(C5=C(C=C4O)OC6(C7=C(C=C(C=C7)O)OC6(C5=O)CC=C(C)C)O)O,28.38210368,18.78877133,92.91413014,36.84363759,80.03117731,7.66306277,0.42167634,0.34574976,-0.37900786,0.67192285,0.895397,3.64169819,0.97161065,0.80477974,-1.0857989,4.7837,527.71,776.835,24.53816191,13.55302955,10.79250307,0.261390072,0.235166851,0.221847546,0.208398458,0.198212127,0.194897581,0.192340982,0.191578221,0.189207599,0.175494016,0.16967558,0.169076,0.167115092,0.165109137,0.165035565,0.164163178,0.163145444,0.1625065,0.160588396,0.159583805,0.158664678,0.158624409,0.158496188,0.156884894,0.156108527,0.155632334,0.152445996,0.1513134,0.151114469,0.150344288
kampo_1015,6.307521022,101676953,CID 101676953,C1C(C(OC2=C1C(=C(C(=C2)O)C3C4C5C6C(COC(=O)C7=CC(=C(C(=C7C8=C(C(=C(C=C8C(=O)O6)O)O)O)O)O)O)OC(=O)C9=CC(=C(C(=C9C1=C(C(=C(C(=C1O)O)O)C1=C(C3=C(C(=C1O)O)O)C(=O)O4)C(=O)O5)O)O)O)O)C1=CC(=C(C=C1)O)O)O,86.80352909,65.50461968,93.070048,51.84024186,78.15044074,7.02308889,0.45558724,0.38252625,0.37157518,0.71315105,0.71324439,3.6605263,0.95924924,1.04677751,-2.3257141,15.3049,714.21,1206.889,22.39418072,13.27060209,12.9465396,0.231867928,0.225489312,0.224961757,0.218226257,0.217023308,0.21507689,0.210495295,0.20761102,0.20690654,0.206475058,0.20588417,0.202322664,0.201950845,0.200304463,0.199932023,0.199600798,0.199191283,0.198945588,0.198641294,0.195779005,0.193143409,0.19278595,0.191328971,0.18934732,0.189322226,0.189007333,0.18777227,0.185442745,0.184959124,0.183793122
kampo_2591,6.164948258,73111,Sennoside A,C1=CC2=C(C(=C1)OC3C(C(C(C(O3)CO)O)O)O)C(=O)C4=C(C2C5C6=C(C(=CC=C6)OC7C(C(C(C(O7)CO)O)O)O)C(=O)C8=C5C=C(C=C8O)C(=O)O)C=C(C=C4O)C(=O)O,54.02595182,66.10224946,92.4723089,40.84600139,81.39222339,8.53963466,0.39617202,0.31672651,1.39985139,0.40137612,0.35139713,3.73023435,0.5918904,0.80134653,-1.12376722,3.756,503.087,862.746,21.07675565,11.22457284,7.825350278,0.301286493,0.288825347,0.249631793,0.241347685,0.21967883,0.213010693,0.210380157,0.208877285,0.207856994,0.207172305,0.205427392,0.202959144,0.193997711,0.188643652,0.185188615,0.181762001,0.180792595,0.179713895,0.17771459,0.175916967,0.175189643,0.17308824,0.171889235,0.171479525,0.16995819,0.168313332,0.167549092,0.166364438,0.166030217,0.165354852
kampo_1963,6.098666714,5318993,Licoagrone,CC(=CCC1=CC2=C(C=C1O)OC(C2=O)(C3=CC(=C(C=C3C=C4C(=O)C5=C(O4)C(=C(C=C5)O)CC=C(C)C)O)O)C(=O)C6=CC(=C(C=C6)O)CC=C(C)C)C,71.76873129,52.50411078,92.87543202,42.4495232,75.27262637,7.47821137,0.50382146,0.42605677,0.53362947,0.33121936,0.35294,3.1456754,1.30389479,1.47554205,-0.95554773,7.5567,525.81,742.821,18.73362277,13.39996348,11.86482275,0.2982137,0.270988022,0.260030684,0.246087213,0.237186025,0.225917224,0.219630581,0.211747766,0.208198872,0.203330554,0.202728729,0.199884067,0.198542697,0.196842644,0.191457181,0.190686854,0.189232662,0.187031253,0.185051537,0.183786367,0.182878879,0.181392733,0.180560822,0.1788205,0.177897958,0.176475779,0.173541815,0.172312782,0.170957705,0.169825419
kampo_0547,6.04447148,6440013,4-Coumaroyl-CoA,CC(C)(COP(=O)(O)OP(=O)(O)OCC1C(C(C(O1)N2C=NC3=C(N=CN=C32)N)O)OP(=O)(O)O)C(C(=O)NCCC(=O)NCCSC(=O)C=CC4=CC=C(C=C4)O)O,30.91445614,30.34999464,92.13994937,34.26234126,79.18336572,8.22503631,0.39960469,1.19530331,0.12661768,0.86057236,0.8786625,3.68873295,1.47879159,2.12038887,-1.30698759,2.9386,525.621,913.678286,21.78401599,10.77486545,10.44891329,0.254103776,0.208125208,0.205161873,0.193035287,0.187571512,0.183066362,0.182972572,0.181606857,0.177465439,0.172407848,0.169822535,0.166035731,0.164630733,0.162158656,0.15991045,0.157517524,0.156553322,0.155622646,0.152186154,0.151480724,0.149342891,0.14781092,0.146393594,0.144944341,0.144404332,0.142651317,0.142211098,0.141753491,0.141220997,0.141095465
kampo_2332,5.990983169,5320384,Palmidin A,CC1=CC2=C(C(=C1)O)C(=O)C3=C(C2C4C5=C(C(=CC=C5)O)C(=O)C6=C4C=C(C=C6O)CO)C=C(C=C3O)O,46.23245046,55.33906963,92.5612064,35.53061861,78.90261706,7.92513545,0.41021262,0.33400849,0.89664843,0.27807329,0.30666742,3.63909845,1.0621705,1.1887158,-0.54026488,3.2607,341.253,510.498,12.86650354,11.43440791,7.434295394,0.261103423,0.252761418,0.249513449,0.242960227,0.235504687,0.235094978,0.228388718,0.21847895,0.215642723,0.207202354,0.203136426,0.197285354,0.195236236,0.192867751,0.188910928,0.178980527,0.177977112,0.176956699,0.17622698,0.174767123,0.171523645,0.168936041,0.166306336,0.165532767,0.163781385,0.163089569,0.160740693,0.159923237,0.158838572,0.158262906
kampo_1179,5.983734983,73644,Casuarictin,C1C2C(C3C(C(O2)OC(=O)C4=CC(=C(C(=C4)O)O)O)OC(=O)C5=CC(=C(C(=C5C6=C(C(=C(C=C6C(=O)O3)O)O)O)O)O)O)OC(=O)C7=CC(=C(C(=C7C8=C(C(=C(C=C8C(=O)O1)O)O)O)O)O)O,57.16199947,39.80706321,91.44973018,54.63620049,77.24145997,7.63347625,0.33388305,0.32862806,-0.05437029,0.38543619,0.34489316,3.58148297,0.60805319,0.50503126,-1.55001284,5.0632,530.12,936.649,17.30373602,16.47218452,10.82239577,0.219149263,0.218555349,0.208346355,0.205006253,0.204285919,0.203185956,0.202466036,0.198605787,0.198035488,0.196251595,0.192667091,0.192152492,0.191901746,0.19069049,0.183688464,0.180599953,0.178699071,0.178008794,0.176189721,0.17525719,0.172950536,0.172595316,0.171685609,0.167743018,0.167344412,0.165557432,0.16402047,0.163076271,0.162882366,0.162551407
kampo_0759,5.93010938,467312,"8-((5,7-Dihydroxy-2-(3,4,5-trihydroxyphenyl)-3-(3,4,5-trihydroxyphenylcarbonyloxy)chroman-8-yl)methyl)-5,7-dihydroxy-2-(3,4,5-trihydroxyphenyl)chroman-3-yl 3,4,5-trihydroxybenzoate",C1C(C(OC2=C1C(=CC(=C2CC3=C(C=C(C4=C3OC(C(C4)OC(=O)C5=CC(=C(C(=C5)O)O)O)C6=CC(=C(C(=C6)O)O)O)O)O)O)O)C7=CC(=C(C(=C7)O)O)O)OC(=O)C8=CC(=C(C(=C8)O)O)O,43.79483336,15.22711259,91.34148559,37.7763725,77.35797972,7.55659755,0.4401371,0.36918578,-0.45549853,0.75622443,0.68179119,3.61743523,0.51991976,0.56556784,-1.36713152,5.1634,575.975,928.761,22.11876917,11.02459429,10.99413822,0.202860331,0.202560363,0.197308709,0.195511066,0.194613109,0.192233756,0.190879765,0.190269612,0.189386766,0.189168227,0.18299936,0.182969225,0.177138505,0.176934782,0.172440551,0.171957217,0.171042504,0.167268834,0.165617754,0.165480721,0.162816067,0.162416761,0.16060645,0.159058374,0.158722601,0.158523826,0.158185298,0.157661564,0.156467588,0.15628663
kampo_1123,5.928805947,6119622,Caffeoyl-coenzyme A,CC(C)(COP(=O)(O)OP(=O)(O)OCC1C(C(C(O1)N2C=NC3=C(N=CN=C32)N)O)OP(=O)(O)O)C(C(=O)NCCC(=O)NCCSC(=O)C=CC4=CC(=C(C=C4)O)O)O,21.65883496,23.40286251,92.45554052,27.83032314,78.1859655,7.88456412,0.47785291,0.7769067,-0.27293449,0.67360694,1.35057009,3.60607437,2.03671831,1.52706744,-1.37549455,8.3905,583.472,929.677286,16.95744511,16.92886317,9.124428446,0.230579446,0.205659756,0.198168919,0.186330774,0.184665386,0.181501379,0.180710917,0.177204423,0.176928521,0.176329525,0.168135046,0.167481744,0.164826108,0.162593695,0.161357989,0.160467281,0.156357496,0.151798048,0.148681198,0.145957701,0.145755597,0.144460656,0.144427274,0.143504965,0.143049238,0.141390719,0.140878802,0.140872848,0.140138457,0.140052099
kampo_2437,5.925542593,3086518,"Procyanidin B-5 3,3'-di-O-gallate",C1C(C(OC2=C1C(=C(C(=C2)O)C3C(C(OC4=CC(=CC(=C34)O)O)C5=CC(=C(C=C5)O)O)OC(=O)C6=CC(=C(C(=C6)O)O)O)O)C7=CC(=C(C=C7)O)O)OC(=O)C8=CC(=C(C(=C8)O)O)O,37.14423445,43.38679436,92.56140739,44.00305805,80.13747404,7.28601246,0.41737347,0.37998882,-0.64813255,0.51034148,0.75516456,3.5868215,0.43469762,0.46445095,-1.49575792,4.5578,560.834,882.736,23.77529937,11.87708529,11.05437902,0.205351459,0.20268353,0.198428447,0.194027824,0.19020447,0.189681335,0.189616595,0.189386766,0.188320371,0.186476709,0.172854871,0.172610212,0.171756381,0.166878046,0.16649185,0.166295274,0.165837479,0.164365549,0.164157788,0.163730434,0.162306044,0.162032536,0.161329354,0.160593554,0.160053778,0.159971845,0.159068495,0.158901672,0.15803031,0.156739812
kampo_2732,5.894600722,442543,Theasinensin A,C1C(C(OC2=CC(=CC(=C21)O)O)C3=CC(=C(C(=C3C4=C(C(=C(C=C4C5C(CC6=C(C=C(C=C6O5)O)O)OC(=O)C7=CC(=C(C(=C7)O)O)O)O)O)O)O)O)O)OC(=O)C8=CC(=C(C(=C8)O)O)O,58.98861493,50.72373458,92.03143381,52.09012795,79.88263607,7.34008561,0.41500802,0.41113698,-0.17781272,0.87622875,0.71827624,3.75454765,0.49217869,0.52265501,-1.182937,5.0002,529.339,914.734,15.54459262,13.68465877,11.44223891,0.214109838,0.206696982,0.205309298,0.203388452,0.201385532,0.197558181,0.195507244,0.195003998,0.192652243,0.190686854,0.190265992,0.188618745,0.187624301,0.187564475,0.182418505,0.181021686,0.179571901,0.179208258,0.178887676,0.173656334,0.172458394,0.170791276,0.170601883,0.169955302,0.167103922,0.16644197,0.165856733,0.16498111,0.164625313,0.164182045
kampo_1190,5.84706546,72284,Chebulinic acid,C1=C(C=C(C(=C1O)O)O)C(=O)OCC2C3C(C(C(O2)OC(=O)C4=CC(=C(C(=C4)O)O)O)OC(=O)C5=CC(=C(C6=C5C(C(C(=O)O3)CC(=O)O)C(C(=O)O6)O)O)O)OC(=O)C7=CC(=C(C(=C7)O)O)O,55.7898829,33.5329183,92.08280805,47.98522646,79.02135564,7.88505664,0.69143232,0.36887639,0.04372045,0.53651139,0.53353287,3.58774477,0.43247639,0.45430125,-1.44418845,5.283,580.091,956.68,20.39942239,13.80607584,10.01211559,0.206075094,0.203902698,0.202778059,0.201710505,0.200449006,0.199230968,0.198822968,0.194046649,0.193326374,0.191204589,0.190788721,0.189861401,0.187991127,0.185456501,0.178826896,0.172914649,0.169715896,0.169462803,0.168421053,0.168259523,0.166314634,0.166093644,0.164295337,0.162192847,0.161759948,0.158858759,0.157997851,0.157830774,0.15695384,0.155262627
kampo_2035,5.832529179,14430290,Lyciumin A,CC(C)C1C(=O)NCC(=O)NC(C(=O)NC(CC2=CN(C(C(=O)N1)NC(=O)C(CC3=CC=C(C=C3)O)NC(=O)C4CCCN4C(=O)C5CCC(=O)N5)C6=CC=CC=C26)C(=O)O)CO,32.981624,7.628477033,92.95135892,47.0985224,77.15729499,7.9470003,0.12918476,0.85263709,-0.4798336,0.39716277,0.74718576,3.92286537,0.80314572,0.73581999,-1.56938762,10.1421,574.887,873.921,21.25013658,12.05853994,10.38491928,0.201284193,0.196962833,0.193948798,0.190226179,0.187052244,0.185587291,0.184668797,0.183506441,0.181103646,0.179391504,0.174073494,0.171376669,0.164408786,0.163961305,0.16284258,0.160166573,0.158180294,0.153548506,0.152804731,0.151779616,0.149792537,0.149227004,0.148789597,0.146842878,0.146436469,0.145951311,0.14476389,0.143961533,0.14307175,0.142712392
kampo_2715,5.829824969,11968391,Tenuifoliside C,COC1=CC(=CC(=C1O)OC)C=CC(=O)OCC2C(C(C(C(O2)OC3(C(C(C(O3)CO)O)OC(=O)C=CC4=CC(=C(C(=C4)OC)OC)OC)CO)O)O)O,21.59911752,21.55531074,90.78412485,46.77240444,71.90374857,7.55348434,0.36593488,0.29557839,0.55428126,0.4722488,0.48413702,2.97818599,0.52638699,0.5350156,-1.00657761,5.1033,518.976,768.718,26.20932378,14.5385745,9.030688292,0.240783993,0.236535232,0.21978505,0.214702851,0.203413275,0.200984826,0.191986484,0.174043198,0.171889235,0.170102742,0.166636117,0.1663174,0.164606344,0.163947865,0.163620597,0.160779459,0.155872496,0.15562749,0.155219247,0.154609688,0.152895847,0.14927824,0.148614909,0.145887433,0.145861898,0.145454545,0.144870848,0.142998098,0.142744986,0.142352807
kampo_1077,5.829091089,134737870,CID 134737870,CC1=C(C(CC(C1)O)(C)C)C=CC(=CC=CC(=CC=CC=C(C)C=CC=C(C)C2C=C3C(CC(CC3(O2)C)O)(C)C)C)C,25.28458521,10.62709222,87.76039584,23.04347182,64.30408688,6.10691438,0.29886276,0.27317204,0.67217101,0.31445875,0.29866875,2.13277695,1.20607288,0.89275617,-0.52222453,2.2335,512.955,584.885,29.1045386,9.582749396,9.018087402,0.324591015,0.246931871,0.243789463,0.210672678,0.204725054,0.189505202,0.186494097,0.18169595,0.17781255,0.169353746,0.16782184,0.16559033,0.163158753,0.162680983,0.160189665,0.157121534,0.155115716,0.151251607,0.150053269,0.149734222,0.149193609,0.147510031,0.146612518,0.145895947,0.145165271,0.143748383,0.142973564,0.142219188,0.141878183,0.140546162
kampo_2929,5.810354745,471122,"beta-D-Glucopyranose, cyclic 4-7:6-5-((2S,6S)-3,6-dihydro-2,9,10,11,11-pentahydroxy-3-oxo-2,6-methano-2H-1-benzoxocin-5,7-dicarboxylate) 1,2,3-tris(3,4,5-trihydroxybenzoate)",C1C2C(C(C(C(O2)OC(=O)C3=CC(=C(C(=C3)O)O)O)OC(=O)C4=CC(=C(C(=C4)O)O)O)OC(=O)C5=CC(=C(C(=C5)O)O)O)OC(=O)C6=CC(=C(C7=C6C8C(=CC(=O)C(C8(O)O)(O7)O)C(=O)O1)O)O,74.9214398,54.89658454,91.88850844,43.88262202,75.69051899,7.81963595,0.42429867,0.40932473,1.07260102,0.6354778,0.64627676,3.36638138,0.61681595,0.49291719,-1.27275806,8.5169,525.168,954.664,20.46486557,11.5633829,10.88095054,0.282933454,0.256943909,0.239257345,0.216020047,0.215160187,0.212838413,0.212454057,0.209349551,0.207813799,0.206761088,0.200932326,0.196862019,0.196699384,0.196066898,0.195259109,0.19388863,0.193184453,0.191336293,0.189150337,0.187729969,0.186462801,0.185150898,0.184338593,0.183678342,0.17994026,0.179150468,0.177654604,0.175611127,0.173922118,0.172259354
kampo_1189,5.79164129,442674,Chebulagic acid,C1C2C3C(C(C(O2)OC(=O)C4=CC(=C(C(=C4)O)O)O)OC(=O)C5=CC(=C(C6=C5C(C(C(=O)O3)CC(=O)O)C(C(=O)O6)O)O)O)OC(=O)C7=CC(=C(C(=C7C8=C(C(=C(C=C8C(=O)O1)O)O)O)O)O)O,60.79962193,28.9060472,92.56344799,51.91190651,75.47541504,7.77333834,0.44721224,0.46854648,0.12759401,0.72329912,0.70005032,3.88006302,0.57527673,0.55647229,-1.49424199,11.261,542.595,954.664,18.65319287,15.29913355,9.16538512,0.215591583,0.212129569,0.20564284,0.202187671,0.200593758,0.200244298,0.199453497,0.197484053,0.192470552,0.189186121,0.18877185,0.18844813,0.18594273,0.18483605,0.184604024,0.18273518,0.182026685,0.180933254,0.178900478,0.178148326,0.174501797,0.173292205,0.172732455,0.168873277,0.167210099,0.167022982,0.165163677,0.163818947,0.162016785,0.161316341
kampo_2862,5.773546176,467308,"[(2R,3R)-6-[(2R,3R,4S)-5,7-Dihydroxy-3-(3,4,5-trihydroxybenzoyl)oxy-2-(3,4,5-trihydroxyphenyl)chroman-4-yl]-5,7-dihydroxy-2-(3,4,5-trihydroxyphenyl)chroman-3-yl] 3,4,5-trihydroxybenzoate",C1C(C(OC2=C1C(=C(C(=C2)O)C3C(C(OC4=CC(=CC(=C34)O)O)C5=CC(=C(C(=C5)O)O)O)OC(=O)C6=CC(=C(C(=C6)O)O)O)O)C7=CC(=C(C(=C7)O)O)O)OC(=O)C8=CC(=C(C(=C8)O)O)O,53.578415,30.07192205,91.92670016,47.93988309,79.02750285,7.3682041,0.4725718,0.42023199,-0.31088104,0.67124312,0.9461817,3.87263033,0.66759385,0.65464414,-1.42525939,5.7125,535.139,914.734,19.17009376,16.41627247,10.42217332,0.20890783,0.20055755,0.199608767,0.196128425,0.19315087,0.192994307,0.191274077,0.190715948,0.189595025,0.187490625,0.187300993,0.187041748,0.18406376,0.181943889,0.180992199,0.179846411,0.175373985,0.173692529,0.170065135,0.169250559,0.167965601,0.166677779,0.166508484,0.164660552,0.162400935,0.16161355,0.159678089,0.158674749,0.157850705,0.157579578
kampo_2733,5.76868939,467316,Theasinensin F,C1C(C(OC2=CC(=CC(=C21)O)O)C3=CC(=C(C=C3C4=C(C(=C(C=C4C5C(CC6=C(C=C(C=C6O5)O)O)OC(=O)C7=CC(=C(C(=C7)O)O)O)O)O)O)O)O)OC(=O)C8=CC(=C(C(=C8)O)O)O,45.17367458,42.29208404,91.70123427,47.12554519,79.61843909,7.45645128,0.42537867,0.44425549,-0.53372607,0.76072704,1.03386398,3.7303802,0.5621915,0.64509417,-1.29435679,5.4017,544.181,898.735,19.6528606,14.34466052,9.911564295,0.20760671,0.204637076,0.197882656,0.19573302,0.193858561,0.192759937,0.190599626,0.190153834,0.188012334,0.186769265,0.186323831,0.183644611,0.183126705,0.176737774,0.176457094,0.174581006,0.17292362,0.172866823,0.172066693,0.171909919,0.170233049,0.169940861,0.168486319,0.16778805,0.167059256,0.166286978,0.165691846,0.163502886,0.163326637,0.163251979
kampo_2107,5.754616395,525358,Methyl ethyl trisulfide,CCSSSC,12.65752919,0.85826771,65.08832208,28.58530722,42.80646535,8.87753405,0.80942711,0.5699167,-0.92859741,1.60293334,1.31069455,4.03585198,2.13209069,1.93379787,-0.11012727,1.4223,97.954,140.277,9.589934114,5.41130448,5.229124891,0.230653904,0.218751367,0.198617621,0.196618168,0.175349384,0.158130268,0.152497141,0.14852441,0.131703719,0.129974785,0.127147198,0.125817816,0.125303862,0.123426314,0.122036049,0.120071082,0.113446856,0.112262425,0.111424337,0.108369366,0.105678083,0.105085066,0.10347468,0.101807076,0.101301727,0.100956054,0.099866179,0.099429276,0.098418416,0.098376783
kampo_2653,5.733889885,10056408,Soystatin,CC(C)C(C(=O)NC(C)C(=O)NC(CC1=CNC2=CC=CC=C21)C(=O)NC(CC3=CNC4=CC=CC=C43)C(=O)NC(CCSC)C(=O)NC(CC5=CC=C(C=C5)O)C(=O)O)N,22.38531066,9.413882426,92.88924726,34.5580472,80.38549765,7.39045453,0.33096793,0.28842408,-1.13413543,0.51738668,0.34074784,3.97245905,0.51513661,0.52322208,-1.30304581,7.0145,615.857,855.024,20.85416202,13.47835025,12.66987255,0.195304871,0.194571456,0.192563209,0.189904668,0.188125517,0.180551042,0.179205046,0.178878077,0.176775266,0.175901495,0.174031082,0.172771251,0.163743839,0.162414124,0.158187801,0.157035176,0.154347189,0.151742766,0.15105512,0.149714046,0.149709563,0.147924618,0.147407833,0.146068565,0.145921494,0.144732462,0.143764916,0.14249886,0.1422637,0.141586906
kampo_0619,5.733540258,5322074,"5,7,4'-Trihydroxy-6-methoxyflavanone",COC1=C(C2=C(C=C1O)OC(CC2=O)C3=CC=C(C=C3)O)O,16.27252238,11.00059398,91.25229015,43.31565616,75.54370954,7.98122521,0.54990709,0.72721587,-0.26915515,0.31893332,0.31175343,3.63757083,1.13436618,1.25864616,-0.40402566,3.2019,195.957,302.282,16.33699234,7.641242332,6.089273381,0.238709061,0.231679911,0.20451989,0.187402785,0.176432188,0.163915616,0.159989761,0.1562964,0.151779616,0.151217299,0.149729738,0.146051498,0.141300815,0.140856974,0.139126563,0.138834898,0.136950657,0.136813878,0.136408899,0.134898152,0.134253417,0.133879562,0.129822922,0.128511579,0.126708987,0.126241905,0.125346269,0.124764507,0.123048149,0.12266176
kampo_2928,5.729947035,151590,"beta-D-Glucopyranose, cyclic 4,6-((1S)-4,4',5,5',6,6'-hexahydroxy(1,1'-biphenyl)-2,2'-dicarboxylate) 1,2,3-tris(3,4,5-trihydroxybenzoate)",C1C2C(C(C(C(O2)OC(=O)C3=CC(=C(C(=C3)O)O)O)OC(=O)C4=CC(=C(C(=C4)O)O)O)OC(=O)C5=CC(=C(C(=C5)O)O)O)OC(=O)C6=CC(=C(C(=C6C7=C(C(=C(C=C7C(=O)O1)O)O)O)O)O)O,63.50347153,40.57319813,91.76774824,41.71078317,75.4871645,7.6496491,0.44885632,0.67260557,0.14240631,0.65407162,1.14530473,3.88180343,0.94206577,0.94574578,-1.67120329,8.3281,522.566,938.665,17.48655783,16.39890952,8.24866829,0.214836617,0.211559618,0.205888408,0.205663986,0.203256164,0.201223439,0.200855645,0.198882282,0.196163051,0.19585953,0.194397465,0.19199017,0.189818154,0.188476544,0.184962545,0.184542703,0.184073924,0.183133413,0.180603215,0.178450337,0.177660916,0.174693849,0.174322322,0.172208924,0.169087435,0.168491997,0.168016398,0.16752383,0.167151406,0.166783415
kampo_2832,5.71675742,5281703,Wogonin,COC1=C(C=C(C2=C1OC(=CC2=O)C3=CC=CC=C3)O)O,22.69105325,36.28195313,91.37817585,38.46212145,78.29412395,7.874319669,0.560895689,0.672379946,0.275047373,0.388821951,0.40460112,3.636331318,1.234490416,1.370098911,-0.381383498,3.6607,180.208,284.267,13.24878766,9.791001335,4.662655985,0.24197256,0.234345707,0.208376745,0.197749609,0.193341325,0.190378282,0.169695736,0.161543059,0.158800737,0.158107766,0.157143755,0.152239442,0.149249276,0.148546473,0.145989664,0.144421016,0.142385237,0.140548138,0.139991321,0.137568612,0.137198677,0.136330793,0.135063953,0.134536991,0.133654103,0.133304895,0.130585808,0.129382844,0.12879627,0.126770026
kampo_1105,5.709423743,154728402,CID 154728402,C1C(C(OC2=C1C(=CC(=C2CC3=C(C=C4C(=C3O)CC(C(O4)C5=CC(=C(C(=C5)O)O)O)OC(=O)C6=CC(=C(C(=C6)O)O)O)OC(=O)C7=CC(=C(C(=C7)O)O)O)O)O)C8=CC(=C(C(=C8)O)O)O)OC(=O)C9=CC(=C(C(=C9)O)O)O,48.03644102,42.56725681,91.28021204,36.46206306,78.49686676,7.63107977,0.43867397,0.38702858,-0.20890047,0.50948407,0.4640251,3.70008946,0.48122925,0.48327987,-1.80915952,7.9732,632.787,1080.866,20.6557292,19.82730999,11.48162289,0.206253609,0.201336877,0.200791117,0.200320513,0.197937491,0.197429468,0.196151507,0.194174757,0.193764653,0.190934433,0.189175384,0.187122247,0.187052244,0.181241504,0.180440274,0.179943498,0.175626548,0.175235692,0.174773232,0.172971477,0.171538356,0.170948938,0.169727418,0.169221918,0.168120913,0.16588975,0.164568419,0.164519685,0.16264394,0.162408848
kampo_2609,5.705487701,5281794,Shogaol,CCCCCC=CC(=O)CCC1=CC(=C(C=C1)O)OC,11.08008649,2.685950962,87.89730408,49.03893265,66.91431456,7.67680019,0.305157378,0.300028023,-0.66618645,0.444544991,0.429696792,4.86658656,0.712400796,1.875017982,-0.311910414,3.5357,232.438,276.376,15.31024082,8.314012242,7.652475032,0.270197244,0.191684717,0.186046512,0.166414272,0.161767799,0.157905541,0.145190563,0.142460289,0.141803744,0.140932409,0.134152558,0.128267618,0.124280725,0.123379107,0.122494978,0.122440983,0.121988411,0.120872214,0.120349978,0.119706002,0.119497156,0.118125118,0.117540581,0.116983692,0.115870827,0.11551746,0.115257832,0.114512121,0.114396843,0.113627325
kampo_0524,5.69865945,5322078,4'-Hydroxywogonin,COC1=C(C=C(C2=C1OC(=CC2=O)C3=CC=C(C=C3)O)O)O,23.6505525,36.71528096,91.65678361,42.29903532,78.64230729,7.87202638,0.55286085,0.56161218,0.20806183,0.37418771,0.38792056,3.70482744,1.24186895,1.32231337,-0.43762553,6.7339,196.591,300.266,13.87518668,9.563581233,4.712410003,0.239572602,0.233672158,0.211291413,0.20327269,0.194685097,0.189933523,0.171367858,0.164628023,0.16161355,0.159895109,0.157460477,0.157119065,0.151469252,0.147479574,0.145844879,0.144719895,0.143829016,0.140540237,0.139580978,0.137820778,0.136139625,0.134442936,0.13390466,0.13324983,0.132128323,0.131192275,0.129962961,0.129560531,0.12909889,0.128341697
kampo_2522,5.698133405,5281252,Rubixanthin,CC1=C(C(CC(C1)O)(C)C)C=CC(=CC=CC(=CC=CC=C(C)C=CC=C(C)C=CC=C(C)CCC=C(C)C)C)C,31.27512081,29.27357556,87.8873397,16.39912852,60.42645955,6.37742302,0.41965865,0.38059263,0.73456176,0.39600195,0.38459945,2.11214067,1.00951748,1.01187695,-0.35769022,2.7343,503.712,552.887,25.67100395,11.10484458,10.06070976,0.321295463,0.264655286,0.247005064,0.229315722,0.215364073,0.212566959,0.20423168,0.190074319,0.186337718,0.181745484,0.177047555,0.175907684,0.171068838,0.17024754,0.164997443,0.163305299,0.161015039,0.160402932,0.159543069,0.157950435,0.15662443,0.154722119,0.154161592,0.151027744,0.150348809,0.14996101,0.148242584,0.147477399,0.146425748,0.145492638
kampo_2707,5.689324065,439533,Taxifolin,C1=CC(=C(C=C1C2C(C(=O)C3=C(C=C(C=C3O2)O)O)O)O)O,22.94239677,12.51257885,88.760774,30.0536219,73.97713552,7.83016933,0.31666012,0.3154212,0.00458913,0.34996801,0.34571521,3.72334616,1.13735939,0.78969151,-0.55862305,2.7957,181.002,304.254,14.12068611,8.468979825,5.365400684,0.230744381,0.226050002,0.207352728,0.203074549,0.189850588,0.17616489,0.165491676,0.160629668,0.155132561,0.152418113,0.149264871,0.146462205,0.144508671,0.142724613,0.142435939,0.139897315,0.135382116,0.134368869,0.132705195,0.131399138,0.130703577,0.13030844,0.128623981,0.128453802,0.128264327,0.127122953,0.12490788,0.124703828,0.124334809,0.123655249
kampo_2216,5.689085321,439246,Naringenin,C1C(OC2=CC(=CC(=C2C1=O)O)O)C3=CC=C(C=C3)O,13.05430552,9.997192746,90.2841625,32.34647655,77.3618098,8.215212465,0.330860236,0.348829509,-0.350852293,0.251169911,0.352204952,3.778491868,0.948952985,0.937284718,-0.441455345,3.0116,178.915,272.256,14.12019198,8.602860586,4.83448979,0.236401031,0.222464461,0.200180162,0.186560203,0.174288901,0.161272114,0.15970104,0.15358388,0.148663515,0.148018769,0.147592762,0.144329302,0.139801482,0.138675098,0.137748636,0.137035108,0.136714745,0.134014125,0.133716654,0.13187045,0.131345636,0.12904891,0.127647081,0.126881011,0.12667849,0.12501719,0.123881965,0.12319519,0.122607619,0.122379548
kampo_1481,5.680893384,5281238,Flavoxanthin,CC1=CC(CC(C1C=CC(=CC=CC(=CC=CC=C(C)C=CC=C(C)C2C=C3C(CC(CC3(O2)C)O)(C)C)C)C)(C)C)O,21.22294732,11.25482069,88.92289628,23.87941803,64.82732828,6.24818383,0.30172155,0.2939158,0.82174471,0.33008194,0.31410555,2.05341144,1.23676824,0.95024948,-0.51034203,3.2725,502.242,584.885,30.97970668,8.935825724,8.641299385,0.325298461,0.24434942,0.234670171,0.202798621,0.19421624,0.189200439,0.181728969,0.179946736,0.175063898,0.169327937,0.162831974,0.162045664,0.159616919,0.158629442,0.156757011,0.155867637,0.154192494,0.152583234,0.151600139,0.149765617,0.149617727,0.147942125,0.145653694,0.145064191,0.144807912,0.144083914,0.141199062,0.141045713,0.140411969,0.140209192
kampo_1380,5.661205543,161557,Dihydromyricetin,C1=C(C=C(C(=C1O)O)O)C2C(C(=O)C3=C(C=C(C=C3O2)O)O)O,24.00431921,8.918449315,88.28985563,34.08513882,74.46321988,7.8914583,0.34571357,0.3499838,-0.01087542,0.34364799,0.33899817,3.73724908,1.12986248,0.79724801,-0.51158394,4.2103,195.62,320.253,14.15867962,8.782273547,5.419086333,0.231042928,0.225265814,0.206458006,0.199608767,0.192463143,0.185766566,0.167920473,0.161503925,0.156162159,0.152996435,0.152304365,0.148966914,0.147714851,0.146907595,0.144893938,0.142027298,0.140445493,0.139598515,0.134825401,0.132582035,0.131261157,0.129396237,0.12809838,0.127497354,0.127344735,0.126334407,0.125833648,0.125588697,0.125129822,0.124542307
kampo_1287,5.647806566,5281233,Crocin,CC(=CC=CC=C(C)C=CC=C(C)C(=O)OC1C(C(C(C(O1)COC2C(C(C(C(O2)CO)O)O)O)O)O)O)C=CC=C(C)C(=O)OC3C(C(C(C(O3)COC4C(C(C(C(O4)CO)O)O)O)O)O)O,24.78605291,7.28949781,90.21784144,32.71110514,73.8159956,6.86413311,0.32665771,0.3166212,1.40086908,0.58158233,0.53315709,2.0187566,1.19691393,0.91051135,-1.38509377,6.6594,644.086,976.972,38.4657671,11.46564228,8.154930084,0.32676535,0.250576326,0.232244879,0.203301618,0.202872677,0.198345796,0.192767368,0.181986933,0.177689328,0.174106832,0.173689513,0.170867151,0.170610615,0.16710113,0.161953811,0.159874658,0.159197644,0.158415842,0.156279302,0.156086597,0.155520995,0.153912455,0.151777312,0.150577465,0.1500015,0.149171353,0.148405384,0.146608219,0.145055774,0.144742937
kampo_0534,5.646037851,42607705,"4,2',4'-Trihydroxy-6'-methoxydihydrochalcone",COC1=CC(=CC(=C1C(=O)CCC2=CC=C(C=C2)O)O)O,12.93110302,15.4985312,88.48597075,33.86097996,75.97330867,8.056182946,0.285382981,0.278055004,-0.542039364,0.318649027,0.319281901,3.872892595,0.640485987,0.347467245,-0.490077212,6.197,193.769,288.299,15.46388187,8.171628866,6.800778262,0.232347406,0.216197518,0.197484053,0.188540508,0.175364759,0.159535433,0.157932973,0.151768098,0.147852443,0.141540813,0.13862896,0.137873983,0.136819494,0.136666166,0.136045167,0.134509846,0.133614815,0.13233815,0.131532219,0.131295625,0.129474979,0.128955717,0.128498368,0.127265323,0.127229701,0.126963168,0.123986411,0.123832875,0.122210544,0.121870963
kampo_1863,5.64487218,5281666,Kaempferide,COC1=CC=C(C=C1)C2=C(C(=O)C3=C(C=C(C=C3O2)O)O)O,21.30647794,15.20582615,91.63524639,41.13403101,79.10510042,7.48460459,0.36607448,0.33679843,-0.3512989,0.38168434,0.37649166,3.22828882,1.21548843,0.81980103,-0.6994661,3.3001,202.659,300.266,15.68095298,8.650650741,4.749733972,0.262853538,0.227665968,0.202741059,0.199413724,0.188508521,0.180323139,0.172977461,0.169459931,0.168602789,0.161930208,0.160169139,0.154576229,0.151710536,0.150756799,0.14646006,0.14505367,0.143243901,0.142895929,0.140203295,0.139703828,0.137140349,0.136492684,0.136360537,0.133634456,0.133233852,0.132559188,0.1310994,0.129669731,0.129282482,0.129022269
kampo_0520,5.641379158,14585506,"4',5-Dihydroxy-7,8-dimethoxyflavone",COC1=C(C2=C(C(=C1)O)C(=O)C=C(O2)C3=CC=C(C=C3)O)OC,24.40359551,40.41959762,91.424934,40.39115324,73.68148653,7.65485919,0.58658725,0.64156571,0.1301864,0.38521007,0.38517497,3.60206292,1.19568317,1.29369474,-0.43883914,3.6279,202.848,314.293,14.12641823,10.32987327,4.865273761,0.243427459,0.233377675,0.21159543,0.204494796,0.194688887,0.189850588,0.170800027,0.165330247,0.161822772,0.160140924,0.157455519,0.156884894,0.151666818,0.148225006,0.146629716,0.145211646,0.141888249,0.141246928,0.140250487,0.138993134,0.137283435,0.136806392,0.136121093,0.133786423,0.133104394,0.132881536,0.131156141,0.130133778,0.129671413,0.128270908
kampo_2153,5.637965834,5281670,Morin,C1=CC(=C(C=C1O)O)C2=C(C(=O)C3=C(C=C(C=C3O2)O)O)O,20.10336624,28.6913084,86.71873244,42.96906467,72.91567387,7.4831771,0.3714862,0.35544504,-0.00769527,0.32895024,0.31710202,3.01622343,0.94339693,0.53548254,-0.52487814,2.8779,180.078,302.238,14.39050008,8.615240073,4.786917341,0.249003984,0.215470804,0.211273557,0.199972004,0.195606674,0.18532933,0.174761014,0.172443525,0.165352117,0.162858492,0.15709685,0.154957077,0.153313096,0.148431818,0.144724084,0.142716465,0.140864911,0.14026229,0.139178845,0.136115535,0.135681528,0.1355087,0.133933355,0.133443647,0.132352163,0.132001003,0.131056446,0.1299275,0.128887571,0.128249522
kampo_2036,5.635617238,446925,Lycopene,CC(=CCCC(=CC=CC(=CC=CC(=CC=CC=C(C)C=CC=C(C)C=CC=C(C)CCC=C(C)C)C)C)C)C,38.49164499,26.08450852,87.79504874,15.3796035,60.47497685,6.09000629,0.36356399,0.36252181,0.87769216,0.35854084,0.37357573,2.06967219,1.18440285,1.1106205,-0.27898186,1.1813,507.914,536.888,27.70812459,12.21881861,8.050753187,0.351395038,0.274800769,0.256864709,0.234235922,0.222985328,0.20641113,0.205651298,0.197374914,0.193266592,0.187476565,0.184512058,0.17914405,0.176972357,0.172848895,0.168870426,0.168058753,0.166414272,0.163891438,0.161953811,0.160779459,0.15901032,0.15843341,0.157443124,0.156188989,0.154559505,0.153732628,0.152713723,0.149859881,0.149514824,0.149120191
kampo_0830,5.633751608,65036,Allicin,C=CCSS(=O)CC=C,6.255172644,2.90283622,77.68354798,17.91049957,56.48667187,8.76522337,0.27235272,0.53149341,-0.70313278,1.14268703,1.64283528,3.67554759,1.56991742,2.25584496,-0.25192515,2.0863,126.877,162.265,11.51280007,6.087214482,4.9182235,0.236116358,0.211501449,0.173731758,0.163679516,0.160751029,0.158972402,0.156443109,0.148800667,0.148575164,0.142891845,0.142257629,0.137044498,0.132082948,0.130057616,0.129155581,0.12703252,0.126178189,0.124319352,0.123386719,0.121991387,0.121774498,0.120845921,0.11804703,0.117002855,0.11507215,0.114028986,0.113378685,0.112357026,0.111602161,0.110814375
kampo_0612,5.631715117,5321865,"5,7,2',6'-Tetrahydroxyflavone",C1=CC(=C(C(=C1)O)C2=CC(=O)C3=C(C=C(C=C3O2)O)O)O,18.39008342,19.1828924,88.26433932,28.66495232,75.07768447,8.20062995,0.69225954,0.55600372,0.16295661,0.37769929,0.36447175,3.5418594,1.30570105,0.6119743,-0.46557612,2.8689,192.565,286.239,13.62582532,8.464201264,4.711235633,0.234807927,0.228253178,0.21854102,0.206019902,0.196807778,0.181771913,0.168126566,0.166933761,0.162300776,0.157833265,0.154741273,0.154033364,0.15163922,0.148938072,0.147340504,0.145230626,0.142840818,0.137788495,0.136315926,0.135985966,0.135084022,0.135025655,0.133922593,0.131853063,0.129934253,0.129205644,0.128635563,0.128180478,0.127782463,0.126278571
kampo_1797,5.631705258,638278,Isoliquiritigenin,C1=CC(=CC=C1C=CC(=O)C2=C(C=C(C=C2)O)O)O,14.16854939,18.02683209,89.61808126,37.3583665,79.31597575,7.668610496,0.358372216,0.307569796,0.057945225,0.227456095,0.303983359,3.086734288,2.533088697,0.974982211,-0.515181291,2.7554,171.313,256.257,15.56004442,7.313659617,4.727213396,0.279485746,0.239417736,0.21072151,0.198574237,0.193378713,0.169963968,0.169796584,0.168154837,0.159205247,0.157124002,0.154076083,0.151825704,0.145359401,0.144183632,0.143088128,0.141701265,0.140650933,0.139862096,0.137557258,0.136026661,0.134932736,0.134139962,0.133292457,0.13306897,0.131983581,0.130980916,0.130160879,0.12819198,0.127836369,0.12579091
kampo_2233,5.627612752,5282217,Neoxanthin,CC(=CC=CC=C(C)C=CC=C(C)C=C=C1C(CC(CC1(C)O)O)(C)C)C=CC=C(C)C=CC23C(CC(CC2(O3)C)O)(C)C,31.32450905,28.66972366,87.78322993,20.95610382,60.84995041,6.43360285,0.38688899,0.33592115,0.68147908,0.40214565,0.39412684,2.29637248,1.28874534,1.12964724,-0.60410787,2.0098,506.899,600.884,24.16654669,13.64390579,8.601598535,0.31225605,0.244033384,0.233923601,0.205871454,0.204813108,0.199856104,0.187856928,0.184866803,0.181864475,0.172197062,0.167294019,0.166894756,0.16348952,0.16019993,0.159667891,0.158227848,0.156958767,0.153223829,0.152065814,0.148971353,0.148734271,0.146601771,0.14577897,0.144711518,0.143820742,0.143624508,0.142574032,0.142277869,0.140880787,0.140386343
kampo_2819,5.627183308,448438,Violaxanthin,CC(=CC=CC=C(C)C=CC=C(C)C=CC12C(CC(CC1(O2)C)O)(C)C)C=CC=C(C)C=CC34C(CC(CC3(O4)C)O)(C)C,21.66268286,10.02171443,88.7724923,21.82014387,66.53510446,6.13842636,0.2884687,0.26752331,0.91257231,0.33624387,0.31842992,1.99358371,1.2273546,0.92543059,-0.53678785,2.4299,489.202,600.884,29.56811417,9.708286725,8.388344164,0.338845216,0.251901859,0.250733395,0.216136771,0.208185868,0.192771084,0.190967249,0.180199661,0.175861281,0.16999575,0.167031352,0.163725073,0.163044364,0.162731282,0.161799207,0.160392641,0.158300486,0.156550871,0.152450644,0.150389509,0.149427692,0.14826896,0.147284082,0.14452329,0.144370976,0.143198774,0.142624868,0.142492768,0.141813798,0.141456721
kampo_1701,5.621485437,15228661,Hispaglabridin B,CC1(C=CC2=C(O1)C=CC(=C2O)C3CC4=C(C5=C(C=C4)OC(C=C5)(C)C)OC3)C,16.22380936,14.03236977,88.68680265,26.6075986,66.70653111,7.46851419,0.28240473,0.2799054,-0.77484546,0.27790213,0.15038948,3.50772103,1.91902176,0.80789703,-0.32757009,1.2285,285.155,390.479,19.8508015,7.196647738,6.836479788,0.218464631,0.216675334,0.205867216,0.203886068,0.168055929,0.166008168,0.163974748,0.162466897,0.161600491,0.159225527,0.157713781,0.156806172,0.150251672,0.14955731,0.142879595,0.142460289,0.141902343,0.141418713,0.139713587,0.139394193,0.135974872,0.134970981,0.134159757,0.133596965,0.133221427,0.13273514,0.132144037,0.130561939,0.127823297,0.127463227
kampo_2434,5.620214831,12305721,Preskimmianine,CC(=CCC1=C(C2=C(C(=C(C=C2)OC)OC)NC1=O)OC)C,19.69979542,13.88052372,88.99015602,25.35128131,62.23121898,7.58161861,0.60441018,0.35310354,-0.47861101,0.31460841,0.317511,3.49303443,0.60516529,0.59490075,-0.35509593,6.1205,215.934,303.358,13.95376008,10.41473715,6.930249349,0.22283626,0.203587207,0.200521356,0.18734661,0.177292391,0.165903511,0.158015327,0.155666252,0.153839054,0.148884852,0.147063149,0.144160768,0.14033512,0.137481612,0.134424863,0.13418316,0.133278245,0.132383701,0.131085651,0.130848948,0.128781342,0.127147198,0.125089126,0.12479409,0.122309198,0.121768567,0.120954086,0.120105693,0.119149747,0.117886994
kampo_1673,5.61722833,5280953,Harmine,CC1=NC=CC2=C1NC3=C2C=CC(=C3)OC,13.2097417,15.72489463,87.03675907,42.56541084,70.72430715,7.618232703,0.21793932,0.17485111,-0.835695279,0.201237236,0.199434072,3.849101855,0.446472264,0.444423276,-0.315395653,3.301,160.098,212.252,13.33046013,7.841595319,4.180779059,0.220157633,0.205935048,0.198511166,0.177834685,0.171444246,0.1668335,0.165543728,0.153015164,0.148299743,0.14272665,0.140938368,0.138398727,0.137008823,0.132798598,0.1305006,0.128450502,0.127740024,0.125112601,0.123924951,0.123647604,0.122977028,0.122225482,0.121537695,0.11934456,0.118663376,0.116721526,0.115572198,0.115449445,0.114433497,0.113891325
kampo_2625,5.611156222,6760,Skimmianine,COC1=C(C2=C(C=C1)C(=C3C=COC3=N2)OC)OC,13.67653904,14.93184877,87.51295419,52.78305093,63.56931814,7.2103218,0.3457917,0.570769092,-0.454996491,0.314822399,0.332724679,3.103435774,0.507742293,0.569907918,-0.400990656,5.0677,173.909,259.261,12.65212382,8.532348834,4.617147652,0.238840192,0.219582354,0.185332765,0.18481897,0.177942276,0.162861145,0.162198109,0.16084411,0.153940887,0.15293326,0.147797813,0.142604529,0.138802138,0.135943448,0.133704139,0.132622477,0.132404735,0.13045974,0.12940126,0.128816179,0.127604732,0.125626562,0.124285359,0.121832359,0.121499301,0.119683079,0.119281923,0.118292798,0.117414992,0.116922142
kampo_0433,5.600594678,5284648,"3',4',7-Trihydroxyisoflavone",C1=CC(=C(C=C1C2=COC3=C(C2=O)C=CC(=C3)O)O)O,24.03088101,32.46511936,89.53075204,33.2780725,74.17623697,7.539876996,0.309374729,0.310302135,-0.346276192,0.559310948,0.31653612,3.570221159,1.412825759,0.792243258,-0.60543928,4.0654,183.554,270.24,14.94621247,7.27083505,4.462851777,0.251054429,0.220901721,0.203392588,0.196780668,0.189289973,0.183012756,0.174046227,0.168050281,0.163792115,0.163396023,0.16,0.155794787,0.154247197,0.150557061,0.146901121,0.144749222,0.144366807,0.142673705,0.141950686,0.137241985,0.136634421,0.136375414,0.133239178,0.132828585,0.131760986,0.130718954,0.129553817,0.128308762,0.127152048,0.126750745
kampo_0782,5.600420177,64961,"9H-Pyrido[3,4-B]indole",C1=CC=C2C(=C1)C3=C(N2)C=NC=C3,13.62911239,8.563315015,85.14895574,28.01246897,72.04095339,7.882114287,0.079778134,0.077873364,-0.668177941,0.184466117,0.181387491,3.87107022,0.461530696,0.316190024,-0.287944026,2.9478,123.256,168.199,10.61813063,7.637195135,3.39824501,0.224466891,0.204947431,0.19619384,0.175586459,0.165382198,0.165242824,0.161077285,0.150441546,0.145721613,0.140303617,0.138228464,0.135871411,0.132930996,0.132352163,0.129185614,0.127163367,0.126006477,0.124169616,0.121980971,0.120983353,0.120371708,0.118968307,0.118872141,0.116872947,0.115549496,0.115389497,0.114821109,0.113051834,0.111759315,0.110381368
kampo_0119,5.596030962,6546086,"(2S)-5,7-Dihydroxy-6-(3-methylbut-2-enyl)-2-phenylchroman-4-one",CC(=CCC1=C(C2=C(C=C1O)OC(CC2=O)C3=CC=CC=C3)O)C,13.47765691,7.48521401,91.30789758,33.80059257,74.61946163,7.7851392,0.741309,0.47027982,-0.26996414,0.30734144,0.30639232,3.67188444,1.08200432,1.03285881,-0.34269234,4.0821,246.956,324.376,17.12424581,8.108384158,7.004172484,0.23882308,0.230637945,0.203053931,0.184216344,0.177822036,0.165895254,0.161360593,0.15795792,0.155238524,0.153167504,0.150836388,0.15000825,0.148579579,0.147030715,0.142918394,0.139956054,0.139670657,0.137828376,0.136853198,0.136572841,0.135188114,0.134006942,0.133125657,0.132051553,0.131281836,0.130193076,0.12923069,0.128809542,0.128447202,0.128175549
kampo_1405,5.591428766,42978,Egomaketone,CC(=CCC(=O)C1=COC=C1)C,1.701825015,0.971331782,82.94518221,25.78909285,53.30421575,8.664166509,0.543662092,0.36932078,-1.060348996,0.287469385,0.391758345,4.009648877,1.196832242,0.691703565,-0.199847135,3.0421,130.913,164.204,11.85553089,6.796602488,4.146442943,0.248046633,0.176510043,0.170534968,0.149229231,0.141839948,0.13892362,0.132409994,0.126227563,0.125212862,0.124401319,0.122328648,0.121753741,0.119664461,0.119155426,0.116061791,0.113401828,0.11219441,0.111456627,0.111278028,0.110258446,0.109720104,0.105823465,0.104354723,0.104036621,0.103767809,0.103338879,0.102954803,0.102459016,0.101772884,0.10154243
kampo_1526,5.585851069,5280961,Genistein,C1=CC(=CC=C1C2=COC3=CC(=CC(=C3C2=O)O)O)O,24.62284157,33.56544027,90.81172219,35.11279454,76.19729581,7.779754125,0.315373884,0.293570662,-0.200078863,0.599822494,0.39931152,3.546661957,1.200672613,0.736864464,-0.422526176,1.2634,178.152,270.24,15.22259067,7.615926683,4.416454321,0.229315722,0.226515958,0.206615839,0.19881111,0.191681043,0.184672207,0.17367443,0.16655563,0.164511565,0.157178335,0.155308443,0.15272072,0.150006,0.147972773,0.146877387,0.142106011,0.141448718,0.139631652,0.135677847,0.135369287,0.134960052,0.134680135,0.131905239,0.131675972,0.130271094,0.129605869,0.128660388,0.127645452,0.127224844,0.125702362
kampo_1739,5.577608523,10212,Imperatorin,CC(=CCOC1=C2C(=CC3=C1OC=C3)C=CC(=O)O2)C,19.06855009,26.26235982,88.76153785,56.54846026,68.3057361,7.805288845,0.338924379,0.404688413,-0.152484158,0.292147853,0.437769914,3.615752482,0.507038644,0.639418363,-0.375912073,6.0399,182.914,270.284,13.06443522,10.99504535,4.811712383,0.236116358,0.208925288,0.205892648,0.184576765,0.176722157,0.163007156,0.157898061,0.154097451,0.149934029,0.145727984,0.145131562,0.144462743,0.140530362,0.138944853,0.135457304,0.134887234,0.133600534,0.132837407,0.132392464,0.131169904,0.128359818,0.126977677,0.124868888,0.123665954,0.123060263,0.122379548,0.121673744,0.121279744,0.118409056,0.118076301
kampo_1438,5.577019447,440735,Eriodictyol,C1C(OC2=CC(=CC(=C2C1=O)O)O)C3=CC(=C(C=C3)O)O,19.18719993,12.69679243,88.89954873,27.63802471,73.30843854,8.00959458,0.3126133,0.30130413,-0.32470287,0.30862199,0.30476292,3.77950014,1.00084044,0.88889112,-0.57895973,1.5374,188.673,288.255,14.18269358,8.291218485,5.531757333,0.239057159,0.222192597,0.200581687,0.191000076,0.18692637,0.164839693,0.161129193,0.158634474,0.153607471,0.147627624,0.144015438,0.14338151,0.14277148,0.141775598,0.140773692,0.137735355,0.136371695,0.136058124,0.135613447,0.132257638,0.132168488,0.13072579,0.128959043,0.12765034,0.126617539,0.126151129,0.124517495,0.123791486,0.123152709,0.122282276
kampo_2852,5.576753197,5281234,Zeinoxanthin,CC1=C(C(CC(C1)O)(C)C)C=CC(=CC=CC(=CC=CC=C(C)C=CC=C(C)C=CC2C(=CCCC2(C)C)C)C)C,25.48612335,10.99251904,87.87195157,17.95964235,64.11125469,6.10680881,0.30460646,0.27934023,0.92023302,0.32241905,0.30036481,1.98902641,1.16792986,0.91446266,-0.36221051,1.2357,490.757,552.887,31.33116824,9.468937136,8.345819699,0.340843246,0.255734854,0.249301955,0.218369219,0.206679894,0.197495754,0.191391223,0.185849425,0.178667143,0.176822152,0.169929309,0.163001842,0.162134994,0.161576991,0.161214916,0.158458516,0.157569646,0.156147528,0.153522575,0.153129977,0.152309005,0.14944779,0.148361349,0.146233037,0.145957701,0.144368891,0.144133756,0.143608008,0.141394717,0.141274864
kampo_1409,5.576354487,5281855,Ellagic acid,C1=C2C3=C(C(=C1O)O)OC(=O)C4=CC(=C(C(=C43)OC2=O)O)O,26.63606393,25.65870474,82.74394027,58.91772999,58.52600194,8.04786685,0.25331236,0.24631261,0.35548532,0.28546352,0.28614706,3.41218375,0.4347115,0.42935121,-0.42977815,0.0004,176.262,302.194,11.42329714,10.03114606,3.3976401,0.241650959,0.213625003,0.209323258,0.194943174,0.194340796,0.193419856,0.183284457,0.176466436,0.173608097,0.172031172,0.164842411,0.162022035,0.153862724,0.153273148,0.147312287,0.146273678,0.142716465,0.14037846,0.139223412,0.136682978,0.13511505,0.134515274,0.133308449,0.132625995,0.13029316,0.130255822,0.12830547,0.127957416,0.124815897,0.124591961
kampo_2457,5.575794383,5281804,Prunetin,COC1=CC(=C2C(=C1)OC=C(C2=O)C3=CC=C(C=C3)O)O,25.21694887,34.78668997,91.42835029,44.64976357,78.24684648,7.546307609,0.334045201,0.324408371,-0.635980634,0.606913518,0.321094725,3.654326578,1.937832589,0.840062645,-0.580935611,4.3052,186.328,284.267,16.59525461,7.758389135,4.494726644,0.259053935,0.211631254,0.202016121,0.191772941,0.188878815,0.182192505,0.168930333,0.167937393,0.164144316,0.159261029,0.157728707,0.152844435,0.149463426,0.148018769,0.14695725,0.143886962,0.142371047,0.140843087,0.139584875,0.137270244,0.137130946,0.136091453,0.135851107,0.134484521,0.133791793,0.130204943,0.128768076,0.128205128,0.127635677,0.126601509
kampo_0796,5.575481045,24721438,Acicerone,COC1=C(C=C2C(=C1)OC=C(C2=O)C3=CC4=C(C=C3)OCO4)O,22.88741481,30.89810519,91.01735501,54.31073311,78.70121707,7.45483875,0.28711931,0.30540565,-0.38628273,0.5400627,0.29741242,3.57865439,1.37546788,0.73282733,-0.41721483,5.7635,198.3,312.277,16.95509083,7.174295069,4.957477588,0.25030036,0.221278102,0.211483557,0.200396786,0.191795009,0.183631122,0.174806838,0.169721656,0.16496478,0.16348952,0.159530343,0.156931672,0.154906669,0.152671756,0.147076127,0.145515927,0.144264755,0.140714266,0.140571846,0.137990037,0.136862563,0.136115535,0.133102622,0.132749237,0.13196094,0.130130391,0.129444811,0.128932439,0.12683595,0.125857404
kampo_1793,5.570542897,161300,Isoleurosine,CCC1CC2CC(C3=C(CCN(C2)C1)C4=CC=CC=C4N3)(C5=C(C=C6C(=C5)C78CCN9C7C(C=CC9)(C(C(C8N6C)(C(=O)OC)O)OC(=O)C)CC)OC)C(=O)OC,26.50127797,18.37058992,91.42393512,46.51618958,69.72221862,6.7651482,0.34283084,0.4851958,-1.20587696,0.52423542,0.37613275,3.80751849,0.77062558,0.73820096,-0.7101856,4.7296,554.509,794.99,21.14416041,11.27830118,10.72122183,0.204729246,0.203985884,0.197363227,0.191054814,0.184433788,0.182935753,0.179888469,0.175731482,0.173490632,0.169606513,0.16871088,0.167965601,0.16753225,0.163950553,0.162906247,0.16128512,0.159678089,0.159002735,0.157346508,0.155545186,0.154518905,0.152459941,0.151848759,0.15097758,0.149893576,0.148121815,0.146683486,0.146571688,0.146205243,0.144675926
kampo_1126,5.570461222,5280448,Calycosin,COC1=C(C=C(C=C1)C2=COC3=C(C2=O)C=CC(=C3)O)O,25.99413515,33.09992067,90.61637107,45.42791006,78.76625407,7.476966879,0.313456134,0.308671624,-0.397500356,0.500016628,0.28477838,3.576995664,1.507908422,0.741703233,-0.440564756,1.4903,181.957,284.267,16.62284744,7.034443835,4.54147602,0.25117424,0.218875854,0.20336777,0.196710992,0.189616595,0.184111203,0.17452007,0.167866915,0.163492193,0.162548765,0.160176835,0.156656327,0.154104575,0.15010282,0.146838566,0.145112607,0.143439096,0.142637074,0.139914932,0.13702572,0.136701662,0.134193964,0.132490693,0.131004939,0.130958617,0.129612588,0.12807377,0.126800568,0.125813067,0.125406002
kampo_1769,5.568052215,189062,Isochorismic acid,C=C(C(=O)O)OC1C=CC=C(C1O)C(=O)O,19.28429404,10.69933654,86.15492784,26.45463187,69.82383189,8.819792803,0.329935796,0.312370796,0.007849584,0.474254995,0.459348863,3.004050318,1.06018924,0.864684137,-0.464973105,2.2924,148.51,226.184,11.59318873,7.597215032,6.320750683,0.217765293,0.207301146,0.201320664,0.184542703,0.170357751,0.164671398,0.159314311,0.152902861,0.148652465,0.147203863,0.140114894,0.137826476,0.137311711,0.13705389,0.131350812,0.127382044,0.126359949,0.125688143,0.125151746,0.121459457,0.120173531,0.118650704,0.117706605,0.117507432,0.116161557,0.115700567,0.113883543,0.11330546,0.112256124,0.111382141
kampo_0869,5.564465741,2230,Arecoline,CN1CCC=C(C1)C(=O)OC,9.080119982,0.800426399,82.86925256,30.59288055,51.98354981,8.410318764,0.523891995,0.74048614,-1.229228489,0.535641949,0.467042175,3.963876111,2.680552344,1.109263108,-0.185536652,1.9068,123.493,155.197,10.1465624,7.550581494,4.80141449,0.193558377,0.184301222,0.161007261,0.137078313,0.133122113,0.129404609,0.127450231,0.118964061,0.113874465,0.111580991,0.11123718,0.110538766,0.108223937,0.105969248,0.105499699,0.104696694,0.104061521,0.102572519,0.102003346,0.101049909,0.099423345,0.098917839,0.098496937,0.097417463,0.096905798,0.096747354,0.096251949,0.095371615,0.094437624,0.094198325
kampo_1122,5.562164193,689043,Caffeic acid,C1=CC(=C(C=C1C=CC(=O)O)O)O,14.05813769,12.7851328,84.88675322,26.3426289,71.22408938,7.975339935,0.247534956,0.247932699,-0.167837828,0.34151356,0.343913516,3.179681731,0.582487319,0.598467142,-0.396671264,4.2731,127.997,180.159,12.10332608,7.454122847,3.39821386,0.222766763,0.205347242,0.200968669,0.167819024,0.153062005,0.147301438,0.146760985,0.138387235,0.137716387,0.135661281,0.130045776,0.129075561,0.126041417,0.124398224,0.124149575,0.123808345,0.118894754,0.118508687,0.118320791,0.118108376,0.116834714,0.115786305,0.115398818,0.113935444,0.111848066,0.111415647,0.108650775,0.107075553,0.106911851,0.105519737
kampo_0425,5.561021254,10910685,"2H-1-Benzopyran-2-one, 7-hydroxy-6-(2-hydroxyethyl)-",C1=CC(=O)OC2=CC(=C(C=C21)CCO)O,11.65976899,8.088768185,87.74144407,57.72728175,68.36886543,8.256648777,0.197511832,0.195822737,-0.14058076,0.296491926,0.303745154,3.35231743,0.488455518,0.504344973,-0.456884826,3.3687,142.749,206.197,12.4280749,7.283920265,4.883086979,0.223338917,0.203198342,0.196862019,0.171444246,0.159106458,0.148878203,0.146320764,0.145234845,0.139130435,0.137005069,0.135466479,0.133454332,0.129831349,0.127642193,0.125445331,0.123574262,0.12328632,0.122666274,0.121670783,0.119548585,0.118942836,0.118148844,0.11801081,0.11640495,0.115672462,0.11337997,0.112984137,0.112235965,0.111696899,0.111325103
kampo_2499,5.560963916,5320954,Rhapontigenin,COC1=C(C=C(C=C1)C=CC2=CC(=CC(=C2)O)O)O,13.31187458,16.45488869,87.05287586,51.03425775,75.78735871,7.228863838,0.251505259,0.283654484,-0.408074822,0.285950902,0.33519522,3.202393991,2.687991342,1.04323559,-0.460640896,2.5275,195.215,258.273,16.02520114,7.727000164,4.710849647,0.230824273,0.212377352,0.203562341,0.181169266,0.166253803,0.162569905,0.160164008,0.154853895,0.147264561,0.144862453,0.143457615,0.141197069,0.139039515,0.13834703,0.137767614,0.135457304,0.134154358,0.133189489,0.132996409,0.13151492,0.128480208,0.126831124,0.125914454,0.125596584,0.124711604,0.123716442,0.123196708,0.123117836,0.122673798,0.121313583
kampo_1687,5.55410546,5280544,Herbacetin,C1=CC(=CC=C1C2=C(C(=O)C3=C(O2)C(=C(C=C3O)O)O)O)O,19.43178032,39.93209535,89.53563665,43.13471219,74.45446115,7.42431753,0.25831184,0.23520889,0.31791672,0.31478473,0.31715862,2.84977156,0.63489467,0.47191819,-0.50079859,2.168,177.454,302.238,14.38744754,9.019995738,3.919395486,0.273373428,0.226285301,0.215540468,0.210393436,0.198649186,0.190552411,0.17741821,0.170204075,0.168180289,0.165766005,0.160536835,0.158450983,0.154152086,0.152940277,0.145740727,0.144233543,0.14147073,0.140759822,0.140205261,0.138325979,0.137737252,0.136500137,0.135595059,0.135343637,0.135100447,0.134761809,0.13179398,0.130715537,0.130589219,0.12923403
kampo_0634,5.549357247,5281343,"5,7-Dihydroxychromone",C1=COC2=CC(=CC(=C2C1=O)O)O,8.858603222,6.956204274,83.74504459,24.64486687,66.20517608,8.435549456,0.322972229,0.275925499,-0.416676165,0.457680938,0.354359111,3.947519906,1.011585741,1.172917991,-0.300985687,2.4919,108.33,178.143,10.04322713,7.975223912,3.396582444,0.229874489,0.216915034,0.197683153,0.176171097,0.16493213,0.156808631,0.149794781,0.148564128,0.142537452,0.138996998,0.134019513,0.129811125,0.129651238,0.128514882,0.123572735,0.122250883,0.121290041,0.118399242,0.116314235,0.115509454,0.114123984,0.113897811,0.11281843,0.112522645,0.111700642,0.108587065,0.107388316,0.105999576,0.105599966,0.105352985
kampo_2137,5.543352435,7031,Michler's ketone,CN(C)C1=CC=C(C=C1)C(=O)C2=CC=C(C=C2)N(C)C,18.20206416,14.2726647,85.08756614,38.6337357,70.12837929,7.057825533,0.088894336,0.133573982,-0.633218337,0.440863887,0.44592516,4.002203893,0.255010525,0.275748872,-0.363671096,4.7901,210.945,268.36,16.59192278,8.576472138,5.671496621,0.264543266,0.226244344,0.208611482,0.201983478,0.201288245,0.16724086,0.166511256,0.164638865,0.164452046,0.159746961,0.159555797,0.149287154,0.144749222,0.144441877,0.143562651,0.141486743,0.138973817,0.138569409,0.135913885,0.135514209,0.134883595,0.134863585,0.134170558,0.133836559,0.130539782,0.130527855,0.129883624,0.129540391,0.126574267,0.126189334
kampo_2056,5.542717953,5280451,Maleamic acid,C(=CC(=O)O)C(=O)N,9.323068033,0.982525901,76.20463031,47.69651226,53.10409229,9.897655452,0.845213496,0.451280067,-0.91517442,0.767992842,1.158290038,4.497204065,1.634362728,1.303637622,-0.467942233,4.6782,79.772,115.088,8.186621754,5.823726817,4.708655803,0.21167157,0.184716552,0.157277217,0.152648451,0.144304309,0.136612022,0.12886764,0.12283805,0.119124199,0.118472183,0.115110564,0.112798069,0.111244605,0.109955358,0.108363495,0.106022053,0.104468101,0.10399767,0.102015833,0.101938877,0.101217648,0.100872548,0.099244747,0.096595025,0.095530145,0.09402296,0.093665408,0.093295766,0.092637196,0.09220584
kampo_1671,5.540931104,3564,Harmaline,CC1=NCCC2=C1NC3=C2C=CC(=C3)OC,11.9458925,12.01773857,87.35684589,35.61662436,65.19184352,7.154134323,0.263109363,0.260008152,-0.821406293,0.31459516,0.295757311,3.202177418,0.945380997,0.64604816,-0.320293089,3.1115,165.011,214.268,12.64897745,8.000900112,5.128508081,0.230606033,0.223049986,0.204524072,0.177330118,0.163201358,0.154712544,0.153289595,0.141691226,0.140712286,0.136675505,0.133185941,0.131877407,0.1303628,0.129528645,0.128170621,0.12623075,0.125159578,0.12442144,0.122231457,0.120892671,0.120367361,0.11935738,0.118587387,0.116851097,0.114988789,0.113174662,0.113013505,0.112504922,0.111951995,0.111130868
kampo_2687,5.537663073,10774324,Suspenolic acid,CC(=O)OC1CCC(=CC(=O)O)CC1,5.39700258,0.021060186,84.64252971,31.82500928,62.58451162,9.531409079,0.585404311,0.410299648,-0.87435762,0.457661754,0.428074472,4.010782623,3.776943807,1.361694657,-0.287428813,1.1737,139.809,198.218,13.49217028,6.258014145,6.053257506,0.201263938,0.17666596,0.161069501,0.144946442,0.133274692,0.129310902,0.128213347,0.124078716,0.12053566,0.118900409,0.115784964,0.114345828,0.112659554,0.111524993,0.11040696,0.107603245,0.106914137,0.105455197,0.104389582,0.102848915,0.102610409,0.102146089,0.10194927,0.100926505,0.100444971,0.099250658,0.09753243,0.097429802,0.096679074,0.096609957
kampo_0705,5.537005449,71378875,"6-Hydroxy-1,2,3,7-tetramethoxy-9H-xanthen-9-one",COC1=C(C=C2C(=C1)C(=O)C3=C(C(=C(C=C3O2)OC)OC)OC)O,19.73560697,17.39105986,88.09365082,36.40524322,64.50065863,7.7578999,0.32182993,0.322763,-0.0987079,0.22133291,0.22424258,3.59477963,0.33708224,0.32537253,-0.33439298,1.343,225.456,332.308,14.86754969,9.195261657,5.997270393,0.25880587,0.227484702,0.208302956,0.189922701,0.183291176,0.177075771,0.172753343,0.16697836,0.162501219,0.159657694,0.156845523,0.153950366,0.153050292,0.148960257,0.145968354,0.143278792,0.14106959,0.140368608,0.139070453,0.138777096,0.137072676,0.135768108,0.134723682,0.132467877,0.131980097,0.130986063,0.130541486,0.129959583,0.129130564,0.125601316
kampo_0386,5.536265778,58,2-Oxobutanoic acid,CCC(=O)C(=O)O,7.488468016,0.073500225,71.34154373,25.96510963,43.06663303,9.923021383,0.763847436,0.363583341,-0.387084665,0.592368286,0.59400081,3.067885963,0.467574204,0.324378113,-0.247551283,1.3805,73.85,102.089,7.051026257,6.488364838,4.925125231,0.312022216,0.190850621,0.13724952,0.13212134,0.127388535,0.125385561,0.122715949,0.117012438,0.108773685,0.108172427,0.104500852,0.101485751,0.100255652,0.098990299,0.096935858,0.093701392,0.092300308,0.092059839,0.08955117,0.089267383,0.087913634,0.087528118,0.087113326,0.087033717,0.085374495,0.083074418,0.082100458,0.081595352,0.080370347,0.080242654
kampo_0728,5.535012427,5466139,"7,8,4'-Trihydroxyisoflavone",C1=CC(=CC=C1C2=COC3=C(C2=O)C=CC(=C3O)O)O,23.93161843,31.6314328,91.01770034,42.78960844,78.73382941,7.782487388,0.316322079,0.302594183,-0.315107842,0.614291399,0.350915287,3.583106847,1.702089546,0.808962785,-0.440275803,3.0828,161.306,270.24,15.07931293,7.609334741,4.355007785,0.252518876,0.216802168,0.202691746,0.197207541,0.191343615,0.183796501,0.172063732,0.167042512,0.163682195,0.161556108,0.155804497,0.153671205,0.150827288,0.149974504,0.146942134,0.146194556,0.140849038,0.140061907,0.139464179,0.137735355,0.136386574,0.13556381,0.134647493,0.133919006,0.132247143,0.130681373,0.13016935,0.129392889,0.127001867,0.125749783
kampo_0708,5.530271022,186059,6-Hydroxytremetone,CC(=C)C1CC2=CC(=C(C=C2O1)O)C(=O)C,13.40891804,18.71197001,85.59839776,38.13249551,66.69918263,8.035911132,0.299003746,0.28471574,-0.879162566,0.301755268,0.303951359,3.804671761,0.674616799,0.448870696,-0.308299623,4.1093,162.27,218.252,13.46845592,7.659115642,4.960741883,0.251117473,0.206645727,0.185010453,0.160958022,0.151437138,0.147865561,0.145715243,0.139586823,0.137589433,0.135424284,0.132137053,0.131209489,0.130339012,0.129878564,0.128249522,0.124940653,0.122791292,0.122523494,0.121610118,0.120140324,0.119071717,0.118777542,0.1185129,0.116737877,0.11521401,0.114100545,0.113633781,0.113083795,0.111864331,0.111529968
kampo_1672,5.526946631,5281404,Harman,CC1=NC=CC2=C1NC3=CC=CC=C23,10.80805551,8.440923915,85.43031972,39.20099743,72.28850358,7.73291983,0.103729991,0.093264722,-0.737307596,0.190133161,0.188358052,3.866313547,0.467697525,0.343808345,-0.274474663,2.7608,145.096,182.226,11.092811,7.855267266,4.139260729,0.223893964,0.200795149,0.195882549,0.177031883,0.166372741,0.165109137,0.161550889,0.151588649,0.146290797,0.140886741,0.14000504,0.136823238,0.13600816,0.132004488,0.12916559,0.128700129,0.127450231,0.124486493,0.122690354,0.121329774,0.12053566,0.120215426,0.119135552,0.118666192,0.116923509,0.115373522,0.115252518,0.113808369,0.112426501,0.111320146
kampo_0322,5.524801664,2358,"2,4-Dihydroxy-7-methoxy-1,4-benzoxazin-3-one",COC1=CC2=C(C=C1)N(C(=O)C(O2)O)O,10.72840816,18.80088839,86.91734904,27.65789093,69.4709508,7.882528439,0.425077997,0.436425718,-1.192332604,1.830679698,0.757468389,4.006151502,1.820680826,0.971361896,-0.278993702,2.3366,137.777,211.173,11.16760526,6.795782947,5.01720736,0.203940123,0.197917904,0.174046227,0.159141907,0.154009641,0.150265218,0.141847996,0.139227289,0.135264916,0.129513547,0.128746524,0.126291329,0.123672071,0.120748156,0.120092712,0.119239254,0.118666192,0.117263538,0.115958162,0.115417465,0.114002987,0.113241306,0.112518847,0.111768059,0.110599894,0.109422359,0.108470458,0.107525726,0.106634818,0.10531637
kampo_0281,5.523803118,157791,"11H-Benzofuro(3,2-b)(1)benzopyran-11-one, 2-(5,6-dihydro-9-hydroxy-2-methyl-2,6-methano-2H-1-benzoxocin-4-yl)-5a,10a-dihydro-1,3,5a,8-tetrahydroxy-10a-(3-methyl-2-butenyl)-",CC(=CCC12C(=O)C3=C(C=C(C(=C3O)C4=CC5(CC(C4)C6=C(O5)C=C(C=C6)O)C)O)OC1(C7=C(O2)C=C(C=C7)O)O)C,28.96756135,17.01602006,91.52666737,39.41066581,78.15175674,7.4390776,0.34831005,0.28558488,0.32439593,0.4269882,0.39638617,3.55814736,1.10311979,1.05638217,-0.77315811,6.4398,365.35,570.594,17.17778636,9.888495568,9.225600852,0.252665622,0.239532433,0.219852699,0.212910918,0.209332022,0.196371063,0.191548864,0.18974972,0.181488203,0.17880771,0.178284899,0.177667229,0.175873652,0.169204738,0.165100959,0.162731282,0.159395572,0.158145272,0.155938124,0.154121201,0.152879485,0.15212596,0.151545001,0.15043023,0.14932951,0.148343742,0.147675586,0.1470718,0.145776845,0.143994701
kampo_0603,5.522336277,78200726,"5,13,23-Trihydroxy-27-[4-hydroxy-3-(3-methylbut-2-enyl)phenyl]-6,22-bis(3-methylbut-2-enyl)-8,10,26,28-tetraoxaheptacyclo[15.11.0.01,9.02,7.011,16.018,27.020,25]octacosa-2(7),3,5,11(16),12,14,20(25),21,23-nonaen-19-one",CC(=CCC1=CC2=C(C=C1O)OC3(C(C2=O)C4C5=C(C=C(C=C5)O)OC6C4(O3)C7=C(O6)C(=C(C=C7)O)CC=C(C)C)C8=CC(=C(C=C8)O)CC=C(C)C)C,35.5156531,14.47001898,92.57113553,41.12644826,77.20964237,7.46683418,0.35310544,0.30746525,0.12109929,0.33701966,0.3270588,3.53991001,0.37237029,0.36332671,-0.74852018,6.6992,548.517,728.838,18.03288635,16.87054052,9.341839514,0.263171746,0.225402908,0.210181176,0.198530872,0.197238659,0.194378572,0.191471844,0.188836015,0.188508521,0.18733959,0.174754906,0.173656334,0.172899701,0.170062243,0.167757088,0.166472449,0.164763647,0.161828009,0.161543059,0.160699364,0.1602333,0.159370169,0.158868854,0.156575383,0.156135338,0.154435384,0.152033447,0.151439432,0.1509753,0.150525333
kampo_2316,5.521315567,11066,Oxyberberine,COC1=C(C2=C(C=C1)C=C3C4=CC5=C(C=C4CCN3C2=O)OCO5)OC,21.45077081,31.51956673,91.85772551,41.84329532,75.60575776,6.79163485,0.26652739,0.26364112,-0.31971183,0.30228917,0.307253,3.02699626,0.62398115,0.55119499,-0.42861352,4.0852,244.359,351.358,16.80880122,8.693896521,5.560550254,0.252550763,0.238977178,0.210566213,0.206075094,0.193562124,0.180378434,0.177951775,0.173701581,0.170561146,0.168070052,0.167658647,0.163770656,0.162150768,0.158783086,0.15633794,0.151528927,0.147499152,0.145740727,0.141115376,0.138603981,0.137089588,0.136141478,0.135045713,0.13345077,0.132462612,0.130732626,0.13010838,0.129584035,0.12899564,0.128203485
kampo_1688,5.520651682,72281,Hesperetin,COC1=C(C=C(C=C1)C2CC(=O)C3=C(C=C(C=C3O2)O)O)O,17.58386052,12.48371951,89.07133234,33.88097804,75.27500349,7.86615996,0.33155242,0.36072561,-0.32517335,0.3037621,0.3004244,3.78135729,0.99585212,0.8896016,-0.50796406,1.5425,193.939,302.282,15.78933014,8.311227708,5.670336511,0.23927452,0.222088969,0.200980786,0.19308374,0.1848463,0.16896744,0.161077285,0.159568527,0.153720812,0.148152538,0.14461316,0.143256214,0.14192651,0.141500757,0.139569289,0.138186441,0.136453572,0.135589543,0.132452085,0.132173729,0.1309089,0.129073895,0.128723322,0.127715552,0.126696145,0.125082867,0.123786888,0.122866726,0.122639195,0.122336131
kampo_0320,5.519305818,28495,"2,4-Dihydroxy-2H-1,4-benzoxazin-3(4H)-one",C1=CC=C2C(=C1)N(C(=O)C(O2)O)O,13.62705002,13.18533777,87.94493121,21.92975607,69.34712143,8.366144263,0.389161436,0.400203306,-0.976043522,1.827069669,0.573869078,4.067978513,1.779456406,0.884785556,-0.242710963,2.3445,107.052,181.147,9.759382579,7.427450152,4.462798133,0.202889141,0.188426824,0.175453987,0.158135269,0.152888835,0.148029724,0.139954095,0.133938736,0.131651702,0.128807883,0.125846316,0.123664424,0.123034523,0.121707804,0.118459552,0.117533673,0.116631677,0.115893656,0.11442695,0.114174802,0.113117054,0.11245558,0.110755463,0.10829543,0.107583566,0.106861582,0.105370747,0.104225293,0.103646276,0.103503597
kampo_2444,5.517983703,13752000,Procyanidin T2,C1C(C(OC2=C1C(=CC(=C2C3C(C(OC4=C(C(=CC(=C34)O)O)C5C(C(OC6=CC(=CC(=C56)O)O)C7=CC(=C(C=C7)O)O)O)C8=CC(=C(C=C8)O)O)O)O)O)C9=CC(=C(C=C9)O)O)O,23.48731515,6.315570369,92.11561797,44.73831285,81.74362486,7.20042461,0.61439553,0.4728499,-1.40972218,1.01934337,0.95505195,4.37820745,2.2285828,0.89738585,-1.45102902,3.2733,549.863,866.781,19.79553316,13.14828674,10.35731458,0.193262857,0.192904956,0.191252128,0.190494333,0.189300723,0.188778978,0.175561798,0.171656138,0.170267831,0.167076003,0.166333999,0.164400677,0.164060834,0.163275969,0.162311313,0.16161355,0.159306697,0.158571587,0.157863164,0.156971086,0.156619524,0.155891936,0.15490187,0.153855622,0.153012822,0.152357736,0.151887967,0.151814179,0.150861419,0.150724987
kampo_2240,5.515848694,936,Nicotinamide,C1=CC(=CN=C1)C(=O)N,15.57085811,0.706146179,80.22224619,8.89758993,62.63191748,9.694709556,0.548986414,0.471422792,-0.762269879,0.391682834,0.439155199,4.716681161,1.483143691,0.945599909,-0.319797957,1.9194,90.399,122.127,9.297864434,6.527984782,3.686688883,0.211783642,0.199497267,0.187853399,0.176478893,0.159769931,0.151519743,0.145196887,0.138318326,0.135525228,0.132819764,0.129320936,0.122452978,0.118746512,0.118257826,0.115663097,0.112473288,0.11090163,0.108776052,0.107396389,0.105606657,0.105237679,0.104153647,0.103870204,0.102984491,0.102825649,0.100504533,0.099793428,0.099493578,0.098684535,0.098169145
kampo_0373,5.514520299,332,2-Methoxy-4-vinylphenol,COC1=C(C=CC(=C1)C=C)O,8.579086943,22.81862708,83.98590642,37.68513565,63.61492748,7.531314021,0.256980547,0.264816744,-1.376437305,0.269919596,0.302197175,3.585908763,2.499558623,1.070115758,-0.289810891,0.4431,116.287,150.177,10.56763247,7.813619342,4.149092668,0.200040008,0.194091844,0.15938287,0.148431818,0.144318887,0.138707798,0.132559188,0.131847848,0.130927754,0.125901771,0.12356052,0.121764119,0.119840851,0.119115685,0.119003701,0.117324073,0.116541967,0.115510789,0.114223055,0.113381256,0.112489735,0.108314198,0.107368715,0.106858156,0.106289128,0.105678083,0.104488841,0.104018224,0.10266308,0.102267265
kampo_0326,5.510752614,3469,"2,5-Dihydroxybenzoic acid",C1=CC(=C(C=C1O)C(=O)O)O,8.558172598,2.915826299,80.22418723,33.03990469,67.94286776,8.11015961,0.333237144,0.32865541,-0.603915736,0.36040896,0.36533728,3.364281019,0.366294454,0.370119586,-0.320045496,1.2405,101.31,154.121,9.384295208,7.453313265,3.393872029,0.229331499,0.186891435,0.173232166,0.155928398,0.139171097,0.138611666,0.137534556,0.133287127,0.127482726,0.124975005,0.123026955,0.122249389,0.121744847,0.116387337,0.114445284,0.112842618,0.11170189,0.110335088,0.108015857,0.107050335,0.105982725,0.105460758,0.105223284,0.103765656,0.103531458,0.102354145,0.102153394,0.100943825,0.100446989,0.099829292
kampo_2103,5.510424037,8499,Methyl 4-methoxybenzoate,COC1=CC=C(C=C1)C(=O)OC,16.24386926,13.75659978,83.33778714,39.52562747,67.28496878,8.473373127,0.264820417,0.25500707,-1.031404601,0.353981967,0.355870954,4.053372111,0.460559181,0.4657967,-0.214011603,1.7072,126.974,166.176,12.31478236,6.624362178,4.144096491,0.19054515,0.187846342,0.182059825,0.150084798,0.139807345,0.134716422,0.132795071,0.130118538,0.126563054,0.12435027,0.122521993,0.119822184,0.116521597,0.116436123,0.114622377,0.11266717,0.112401227,0.112047329,0.109774304,0.109123845,0.108300121,0.105636779,0.105038707,0.102969645,0.101239167,0.100816615,0.100253642,0.099453998,0.098419385,0.097833956
kampo_2299,5.507148221,11142766,Ophiopogonone C,CC1=C(C(=C2C(=C1O)C(=O)C(=CO2)CC3=CC4=C(C=C3)OCO4)C=O)O,30.96645839,30.14490177,89.66850881,25.87694305,76.53455914,7.78773894,0.28812258,0.33452604,0.12371018,0.41495087,0.31051859,3.6491755,0.34953808,0.32884466,-0.4483804,2.3382,236.431,354.314,9.990858251,9.07063905,8.351746978,0.275641556,0.225937641,0.223503643,0.211747766,0.204361065,0.193847287,0.189093109,0.180684795,0.179681604,0.176019151,0.174106832,0.173919093,0.17130621,0.165057357,0.16200891,0.155717155,0.155236114,0.15334601,0.150749981,0.148931417,0.145687646,0.143252109,0.142401458,0.139536182,0.13870395,0.137451377,0.136459158,0.134028494,0.132205182,0.129893747
kampo_1365,5.505035591,98914,Deoxyshikonin,CC(=CCCC1=CC(=O)C2=C(C=CC(=C2C1=O)O)O)C,18.38167176,10.75189942,89.55010729,30.29697753,64.67301355,8.101613152,0.331243557,0.323384721,1.269861859,0.300543644,0.330031089,2.325272793,0.768709307,0.910142698,-0.381663091,1.9159,188.679,272.3,13.54673302,7.713852203,6.948131305,0.345721694,0.30892802,0.284228178,0.239148631,0.233388569,0.189915488,0.185877061,0.179904651,0.164695807,0.159767379,0.157718756,0.15562749,0.151363788,0.14720603,0.146795455,0.146644768,0.144027884,0.141681189,0.1397253,0.138740514,0.13772018,0.136969415,0.136237926,0.135091322,0.13376137,0.133333333,0.13048868,0.130082993,0.126459021,0.125898601
kampo_2445,5.504222423,71623698,Prodelphinidin C2,C1C(C(OC2=C1C(=CC(=C2C3C(C(OC4=C(C(=CC(=C34)O)O)C5C(C(OC6=CC(=CC(=C56)O)O)C7=CC(=C(C(=C7)O)O)O)O)C8=CC(=C(C(=C8)O)O)O)O)O)O)C9=CC(=C(C=C9)O)O)O,22.25901151,2.165916424,92.51939317,44.11692921,80.05154808,7.23716055,0.44506964,0.40665315,-1.26750579,1.03122261,1.23653559,5.34076582,1.63979091,1.69660176,-1.45602659,8.2712,545.28,898.779,16.67278887,14.38479122,11.06846825,0.192923564,0.191186311,0.190128527,0.189695728,0.188185702,0.187269425,0.177041286,0.172200028,0.170604794,0.169528879,0.169370956,0.16841538,0.168350168,0.16643089,0.165582104,0.164847845,0.163982815,0.162980589,0.16262278,0.162213895,0.1614961,0.161030596,0.160880337,0.160251274,0.159306697,0.158037803,0.157753589,0.157440645,0.155823919,0.154990701
kampo_2838,5.500006925,65090,Xanthotoxol,C1=CC(=O)OC2=C(C3=C(C=CO3)C=C21)O,19.86103528,27.37403272,85.70851938,59.43718022,66.05568416,8.094376251,0.318719041,0.299823097,-0.141420791,0.289148657,0.297664258,3.666878985,0.561734768,0.714478982,-0.392106455,6.7256,129.77,202.165,11.44227437,7.952147741,3.397004738,0.232633881,0.207921821,0.206092082,0.182332027,0.175070028,0.155209611,0.15187874,0.14616464,0.14537842,0.144302227,0.139744826,0.136729699,0.134652932,0.132643587,0.130597746,0.130193076,0.126312067,0.126092274,0.123545255,0.120851763,0.11955859,0.118031703,0.116087391,0.1159259,0.114392917,0.113986094,0.113576994,0.111898128,0.111414406,0.10976346
kampo_0051,5.495935195,12310493,(-)-Hinokiresinol,C=CC(C=CC1=CC=C(C=C1)O)C2=CC=C(C=C2)O,14.50198324,21.08346514,88.22418679,41.02617118,73.29748716,7.670705198,0.44080522,0.320824683,-1.223926208,0.345340923,0.347066509,4.005071796,2.426076079,1.555048214,-0.359545718,1.5103,198.764,252.313,13.85259466,8.178534617,7.31948671,0.194367237,0.189587836,0.18769121,0.169290672,0.1575076,0.155057992,0.150875075,0.149976754,0.148756397,0.146277957,0.145923624,0.144891838,0.144015438,0.141179128,0.140486928,0.138769393,0.137194913,0.136056273,0.134960052,0.133840141,0.132028888,0.130950043,0.129412983,0.128605785,0.126998641,0.126900332,0.126468617,0.125637611,0.125137651,0.125054711
kampo_1445,5.49352881,13250,Ethyl gallate,CCOC(=O)C1=CC(=C(C(=C1)O)O)O,17.67752763,18.1116035,84.68636524,34.62250437,61.60493757,8.245413845,0.338212321,0.331248673,-0.962493097,0.417530345,0.423285662,3.833907015,0.489675849,0.509870928,-0.34050961,4.63,131.856,198.174,12.0326345,7.887690646,4.912407977,0.200541462,0.192082365,0.188536953,0.15536394,0.149387511,0.147581871,0.140866895,0.135178977,0.127216752,0.126441432,0.124071018,0.12318305,0.120128778,0.119414392,0.119195194,0.117080938,0.11653246,0.114765763,0.112620222,0.109939643,0.109708067,0.109313511,0.107223658,0.106859298,0.106509884,0.1050365,0.102165917,0.101214575,0.101069313,0.099331499
kampo_1984,5.490926894,86278258,Licoricesaponin E2,CC1(C2CCC3(C(C2(CCC1OC4C(C(C(C(O4)C(=O)O)O)O)OC5C(C(C(C(O5)C(=O)O)O)O)O)C)C(=O)C=C6C3(CCC7(C6CC8(CC7OC8=O)C)C)C)C)C,4.031926759,4.950201994,89.44532683,35.29698498,64.91845454,8.37278061,0.23152533,0.18390608,-0.378465,0.49749272,0.46856933,3.4149522,0.6297126,0.5084876,-0.95165928,5.4405,551.959,820.926,21.82693228,10.17561435,8.786329339,0.27605245,0.183439117,0.177185584,0.175985076,0.175947919,0.159035608,0.152257986,0.14859945,0.143192623,0.138276248,0.135089497,0.134778155,0.134669252,0.133890317,0.133107937,0.130531262,0.130463144,0.127865792,0.126725045,0.126401476,0.126302494,0.125768762,0.125283454,0.124605934,0.123528467,0.122755116,0.12220457,0.121604203,0.121428485,0.121247393
kampo_0441,5.490803003,150893,"3,3',4',5,6,7,8-Heptamethoxyflavone",COC1=C(C=C(C=C1)C2=C(C(=O)C3=C(O2)C(=C(C(=C3OC)OC)OC)OC)OC)OC,25.48434,22.83705598,87.21577369,53.70399633,59.52598148,7.3636,0.46299979,0.53054728,0.0747497,0.33095215,0.31105601,3.20707349,1.24008744,0.88303667,-0.50195505,3.8523,299.993,432.425,16.889454,10.87159715,6.354955161,0.263942777,0.23551578,0.221131308,0.204194148,0.194329466,0.185804534,0.182878879,0.175079223,0.172425685,0.169419737,0.166170923,0.16197742,0.160169139,0.159210317,0.157676479,0.155877356,0.152525052,0.148674566,0.146905437,0.145736479,0.145253831,0.143793857,0.141928525,0.140986056,0.14023672,0.139403909,0.136223079,0.135042066,0.134397764,0.133028255
kampo_2777,5.489341248,12444597,Umtatin,CC(=C)C1CC2=C(O1)C=C3C(=C2O)C(=O)C=C(O3)CO,12.85313907,16.13498721,88.93677892,18.3947834,67.24373889,8.09778266,0.746566846,0.594470336,-0.315052631,0.523505299,0.421010333,4.029179736,1.038492876,1.328460013,-0.375814658,3.7507,194.027,274.272,14.1494771,7.554146731,6.112683734,0.229694965,0.219240551,0.205216606,0.180890706,0.174346636,0.163307966,0.152532032,0.150609214,0.150073536,0.147610191,0.147284082,0.145427047,0.143192623,0.139025984,0.134723682,0.134556904,0.133596965,0.13167077,0.127396649,0.124526798,0.122318174,0.121561334,0.120876597,0.120257351,0.11912278,0.118694362,0.118271812,0.117098761,0.116879777,0.116671139
kampo_1778,5.487877616,736186,Isoferulic acid,COC1=C(C=C(C=C1)C=CC(=O)O)O,13.77178262,15.23626821,86.66204652,27.06298951,68.05644223,7.772468597,0.270237475,0.265380774,-0.17967913,0.34524914,0.34775794,3.151413284,0.571965315,0.579620504,-0.423458316,2.3066,137.383,194.186,13.34271949,7.748457397,4.174670959,0.228702115,0.202856216,0.201073734,0.171112746,0.15511331,0.148564128,0.140502719,0.140042293,0.14000112,0.135151572,0.132930996,0.130027176,0.127647081,0.125087561,0.124588857,0.122098631,0.120733577,0.120019203,0.119067464,0.118452536,0.117113846,0.115846665,0.115231269,0.114328833,0.112480878,0.11227755,0.111846815,0.110996415,0.110221987,0.10776675
kampo_2404,5.487591236,68071,Pinocembrin,C1C(OC2=CC(=CC(=C2C1=O)O)O)C3=CC=CC=C3,7.906658989,8.877230473,90.37701056,24.56660082,77.25580062,8.313587659,0.367790107,0.347879083,-0.327302805,0.295270152,0.292752128,3.777222202,1.001536229,0.88761101,-0.331977819,1.7468,181.397,256.257,13.59151148,8.258061645,5.443287587,0.238452917,0.222158043,0.200569618,0.177806227,0.162472177,0.158846142,0.154459238,0.153839054,0.151540408,0.147841514,0.145974746,0.144604795,0.141119359,0.137997654,0.137309826,0.136787678,0.136416343,0.133235627,0.131343911,0.129057237,0.128574367,0.127751447,0.126900332,0.126726651,0.126035063,0.125065659,0.124571784,0.123739405,0.121234164,0.120580717
kampo_2492,5.486065471,445154,Resveratrol,C1=CC(=CC=C1C=CC2=CC(=CC(=C2)O)O)O,9.333342829,15.05908078,86.77338386,32.37234271,71.57306054,7.313239516,0.243190094,0.277773833,-0.42613528,0.265328202,0.311759474,3.182992085,2.772490803,0.997696485,-0.474167022,1.0143,164.921,228.247,14.64612828,8.027247467,4.229077208,0.229042602,0.212093576,0.20004401,0.174410493,0.162940755,0.161642286,0.159040667,0.152529705,0.145562526,0.144179475,0.143336296,0.142346728,0.139405852,0.138473468,0.137044498,0.135495847,0.133960267,0.133313781,0.13185654,0.129708415,0.127490853,0.126342388,0.126233937,0.125640768,0.124826803,0.124269914,0.123577316,0.123093588,0.12226882,0.120183641
kampo_0772,5.485828331,10926678,8-Oxypalmatine,COC1=C(C2=C(C=C1)C=C3C4=CC(=C(C=C4CCN3C2=O)OC)OC)OC,23.4939012,32.4808718,89.29429971,50.50177512,68.47917271,6.68265642,0.26401554,0.25461958,-0.41716748,0.28798299,0.29075797,3.05171882,0.6362212,0.54200175,-0.50088049,3.7405,271.26,367.401,17.55019653,9.559349322,5.793670276,0.25183842,0.23915435,0.208524481,0.206143063,0.191263102,0.179759123,0.176217664,0.173247172,0.170094062,0.168636908,0.16685577,0.165634213,0.161347575,0.15928386,0.15627686,0.15178192,0.147592762,0.14531082,0.14373392,0.1390956,0.1378987,0.13620638,0.135210049,0.134159757,0.132638309,0.131634372,0.130956902,0.13022529,0.129458217,0.127926314